Hindi,English
"पहलगाम अटैक पर विवादित पोस्ट, 7 राज्यों में 26 गिरफ्तार:इनमें विधायक, पत्रकार, वकील और स्टूडेंट शामिल; देश विरोधी टिप्पणी की थी","Disputed posts on Pahalgam attack, 26 arrested in 7 states: these include MLAs, journalists, lawyers and students; Was made anti -national comments"
"खड़गे बोले- पहलगाम हमले पर PM मोदी गंभीर नहीं:सर्वदलीय बैठक में नहीं पहुंचे, बिहार में रैली करने में व्यस्त थे","Kharge said- PM Modi is not serious on Pahalgam attack: He did not reach all-party meeting, was busy rally in Bihar"
मॉर्निंग न्यूज ब्रीफ:8 आतंकियों के घर गिराए गए; पाकिस्तानी अफसर ने भारतीयों को धमकाया; आज सबसे बड़े पैसेंजर प्लेन ने पहली उड़ान भरी थी,Morning News Brief: 8 terrorists' houses were demolished; Pakistani officer threatened Indians; Today the biggest passenger plane took the first flight
LIVEपहलगाम आतंकी हमले की जांच NIA करेगी:सुरक्षाबलों ने कश्मीर में 8 आतंकियों के घर धमाके से ढहाए; ईरान राष्ट्रपति ने मोदी से बात की,The LIVE Pahalgam will investigate the terrorist attack NIA: The security forces demolished the houses of 8 terrorists in Kashmir; Iran President spoke to Modi
"80 घंटे से पाकिस्तानी सेना की गिरफ्त में BSF जवान:अधिकारियों ने 3 मीटिंग्स की, अब तक रिहाई नहीं; गलती से बॉर्डर पार हुआ था","BSF jawans caught by Pakistani Army for 80 hours: Officers have 3 meetings, not released yet; Was accidentally crossed the border"
भारत ने 17 करोड़ लोगों को गरीबी से निकाला:10 साल में गरीबी दर 14% घटी; वर्ल्ड बैंक ने हालिया रिपोर्ट में बताया,India removed 17 crore people from poverty: Poverty rate declined 14% in 10 years; World Bank told in recent report
नाबालिग के ब्रेस्ट छूना रेप की कोशिश नहीं- कलकत्ता हाईकोर्ट:गंभीर यौन उत्पीड़न बताते हुए आरोपी को दी जमानत; सुप्रीम कोर्ट ने दी थी हिदायत,"Minor's breast touching raping is not attempted- Calcutta High Court: Granted bail to the accused, stating serious sexual harassment; Supreme Court had instructed"
"भास्कर अपडेट्स:कुपवाड़ा में 43 साल के शख्स को घर के बाहर गोली मारी, अस्पताल में भर्ती; इलाके में हाई अलर्ट जारी","Bhaskar updates: 43 -year -old man shot outside the house in Kupwara, hospitalized; High alert issued in the area"
"उद्धव की शिवसेना ने MNS से गठबंधन के संकेत दिए:सोशल मीडिया पर लिखा-  एकजुट होने का समय आया, पार्टी मराठी गौरव की रक्षा को तैयार","Uddhav's Shiv Sena indicated the alliance with MNS: Written on social media- time came to unite, party ready to protect Marathi Gaurav"
मुंबई पुलिस बोली- पूछताछ में सहयोग नहीं कर रहा तहव्वुर:घुमा-फिराकर जवाब दे रहा आतंकी हमले का मास्टरमाइंड; 28 अप्रैल तक NIA हिरासत में है,Mumbai Police bid- Tehwwur is not cooperating in interrogation: Mastermind of terrorist attack turning around; NIA is in custody till 28 April
"भागवत बोले- भारत पड़ोसी को नुकसान नहीं पहुंचाता:कहा- कुछ लोग नहीं बदलेंगे, चाहे कुछ भी कर लो, राजा का कर्तव्य लोगों की रक्षा करना","Bhagwat said- India does not harm the neighbor: said- some people will not change, no matter what the king's duty is to protect people"
सुरक्षाबलों के ऑपरेशन का लाइव टेलीकास्ट न करे मीडिया:पहलगाम हमले के बाद सरकार की एडवाइजरी; रेलवे बोला- गैर कश्मीरी स्टाफ अकेले बाहर न जाएं,Do not telecast the operation of security forces live: Government advisory after Pahalgam attack; Railway said- non-Kashmiri staff should not go out alone
गुजरात में एक हजार से ज्यादा बांग्लादेशी हिरासत में:हरियाणा में 460 पाकिस्तानियों को निकालने का आदेश; अटारी बॉर्डर से भेजे जा रहे,More than one thousand Bangladeshi detained in Gujarat: Order to evacuate 460 Pakistanis in Haryana; Being sent from the attic border
5 साल बाद फिर शुरू होगी कैलाश मानसरोवर यात्रा:चीन ने दी इजाजत; उत्तराखंड और सिक्किम के रास्ते 15 जत्थों में 750 श्रद्धालु जाएंगे,Kailash Mansarovar Yatra will start again after 5 years: China allowed; 750 devotees will go to 15 batches via Uttarakhand and Sikkim
राहुल बोले- मौजूदा पॉलिटिक्स में विपक्ष को कुचलने का टारगेट:मीडिया को कमजोर किया जा रहा; दुनिया में लोकतांत्रिक राजनीति मौलिक रूप से बदल गई,Rahul said- Target to crush the opposition in existing politics: Media is being weakened; Democratic politics in the world changed fundamentally
जम्मू-कश्मीर में 5 साल में 84 हजार करोड़ का निवेश:पर्यटन से 18 हजार करोड़ कमाएं; 35 साल में आतंकवाद से 40 हजार मौतें,Investment of 84 thousand crores in 5 years in Jammu and Kashmir: Earn 18 thousand crores from tourism; 40 thousand deaths due to terrorism in 35 years
अरुणाचल-सिक्किम समेत पूर्वोत्तर के 8 राज्यों में आज भारी बारिश:UP-MP समेत 10 राज्यों में ओले गिरने की संभावना; देश के 12 शहरों में पारा 44° पार,Heavy rains today in 8 states of the Northeast including Arunachal-Sikkim: Possibility of hail in 10 states including UP-Mp; Mercury crosses 44 ° in 12 cities of the country
मन की बात का 121वां एपिसोड आज:पहलगाम हमले का जिक्र कर सकते हैं पीएम; गर्मी से बचने के टिप्स भी दे सकते हैं,121st episode of Mann Ki Baat today: PM can mention Pahalgam attack; Can also give tips to avoid heat
"बोरिया-बिस्तर बांधकर लौट रहे पाकिस्तानी नागरिक:भारत सरकार से लगाई गुहार, लेकिन भड़काऊ बयानबाजी से बाज नहीं आ रहे पड़ोसी नेता, देखें VIDEO","Pakistani citizens returning after tying boria-beds: Neighboring leaders are not hawking from the Government of India, but the neighboring leaders are not desisting, watch VIDEO"
सेना के रडार पर आतंकी:लोकेट कर उड़ाए जा रहे आतंक के 'ठिकाने; दो दिन में 8 टेररिस्ट के घर गिराए गए,Terrorists on the army radar: 'hideouts of terror being blown out; 8 Terrorist's houses were dropped in two days
पहलगाम आतंकी हमले की जांच NIA करेगी:सुरक्षाबलों ने कश्मीर में 8 आतंकियों के घर धमाके से ढहाए; ईरान राष्ट्रपति ने मोदी से बात की,NIA will investigate the Pahalgam terror attack: security forces demolished the houses of 8 terrorists in Kashmir; Iran President spoke to Modi
"लेफ्टिनेंट नरवाल की पत्नी बोली- प्यार कर लेने दो,VIDEO:6 बार चेहरा चूमा, सिर पर हाथ फेरा; पहलगाम में आतंकियों ने गोली मारी थी","Lieutenant Narwal's wife said- Let me fall in love, video: Kissed face 6 times, turned a hand on the head; Terrorists shot in Pahalgam"
"हरियाणा में पिकअप ने 11 लोगों को कुचला, 7 मरे:दिल्ली-मुंबई एक्सप्रेसवे पर बिखरी लाशें; 4 महिलाएं एक परिवार की, PM मोदी ने शोक जताया","Pickup in Haryana crushed 11 people, 7 dead: bodies scattered on Delhi-Mumbai Expressway; 4 women of a family, PM Modi mourned"
"सहारनपुर में पटाखा फैक्ट्री में ब्लास्ट, 3 की मौत:शवों के उड़े चीथड़े; पॉलिथीन में बटोरकर ले गई पुलिस, धमाके से पूरी बिल्डिंग ढही","Blast in cracker factory in Saharanpur, 3 killed: bodies of bodies; Police took the entire building collapsed by collapse in polythene"
भास्कर अपडेट्स:बंगाल टीचर भर्ती घोटाला- मुख्यमंत्री ने ग्रुप C और D के नॉन-टीचिंग स्टाफ को वित्तीय मदद का ऐलान किया,Bhaskar Updates: Bengal Teacher Recruitment Scam- Chief Minister announced financial assistance to Non-Teching Staff of Group C and D
"बारिश और तूफान से कम हुई गर्मी:अरुणाचल प्रदेश में तेज बारिश, ओले गिरे; नदी किनारे फंसे 3 लोगों का हाथियों की मदद से रेस्क्यू","Heat decreased due to rain and storm: strong rains in Arunachal Pradesh, hail fell; 3 people trapped along the river rescue with the help of elephants"
"राजस्थान के दूल्हे को पाकिस्तान जाने से रोका:30 अप्रैल को अमरकोट में होनी थी शादी, 3 साल की कोशिश के बाद मिला था वीजा","Rajasthan's groom stopped from going to Pakistan: Marriage was to be held in Amarkot on April 30, visa was received after 3 years of attempt"
"15वां रोजगार मेला, 51 हजार युवाओं को जॉब लेटर बांटे:वीडियो कॉन्फ्रेंसिंग के जरिए शामिल हुए PM, कहा- युवाओं के लिए अवसरों का समय","15th employment fair, Job letters distributed to 51 thousand youths: PM joined through video conferencing, said- opportunities for youth"
पंजाब बॉर्डर से पकड़ा BSF जवान पाकिस्तान की कैद में:72 घंटे बाद भी नहीं छोड़ा; पाक रेंजर्स बोले- हाईकमांड के ऑर्डर तक रिहाई नहीं,BSF jawans caught from Punjab border in Pakistan's captivity: Did not leave even after 72 hours; Pak Rangers said- no release till high-standing order
"भोपाल के इंजीनियर की दुल्हन पाकिस्तान में फंसी, वीजा रोका:पहलगाम हमले के बाद भारत आने की अनुमति नहीं; किया था ऑनलाइन निकाह","Bhopal engineer bride trapped in Pakistan, stopped visa: not allowed to come to India after Pahalgam attack; Was online nikah"
पहलगाम अटैक- धनबाद में 15 जगह ATS की रेड:हिरासत में 5 लोग; लैपटॉप-हथियार मिलने की खबर; डार्क वेब से आतंकी संगठन से जुड़े होने का शक,Pahalgam Attack- Red of ATS at 15 places in Dhanbad: 5 people in custody; News of getting laptop-hathiyar; Dark web suspicion of being associated with terrorist organization
"कॉलेज छात्राओं को गांजा पिलाकर रेप करते, वीडियो बनाते थे:भोपाल में शादी-धर्मांतरण के लिए दबाव बनाया; आरोपी के दोस्तों ने भी किया दुष्कर्म",College girls used to rape ganja and make videos: pressure for marriage in Bhopal; Friends of the accused also raped
"आतंकियों ने कहा- हिंदू मुसलमान अलग हो जाएं:मुस्लिम परिवार ने साथ नहीं छोड़ा, आतंकी हमले के चश्मदीद ने बताई आपबीती, VIDEO","Terrorists said- Hindu Muslims should separate: Muslim family did not leave together, eyewitnesses of terrorist attack told the incident, video"
"ग्राउंड रिपोर्ट'ब्लैक फॉरेस्ट' में LIVE एनकाउंटर के बीच पहुंचा दैनिक भास्कर:आधे घंटे तक फायरिंग हुई, गांव वाले बोले- 20 मिनट में 50 IED ब्लास्ट हुए","Dainik Bhaskar reached between LIVE encounter in ground report 'Black Forest': Firing took place for half an hour, villagers said- 50 IED blasts in 20 minutes"
"महाराष्ट्र मंत्री बोले- हिंदू खरीददारी करने से पहले धर्म पूछें:हनुमान चालीसा पढवाएं, जो न पढ़ सके उससे सामान न खरीदें","Maharashtra Minister said- Ask religion before making Hindu purchases: Study Hanuman Chalisa, do not buy goods from those who cannot study"
"राष्ट्रपति द्रौपदी मुर्मू 5 मई को शिमला आएंगी:मुख्य सचिव ने तैयारियों को लेकर ली मीटिंग, SPG भी छराबड़ा पहुंची","President Draupadi Murmu will come to Shimla on May 5: Chief Secretary took a meeting with preparations, SPG also reached Chhara over"
"तेलंगाना CM बोले- पाकिस्तान के दो टुकड़े कर दो:PoK भारत में मिला दो; मुंहतोड़ जवाब देने का वक्त, हम सब PM मोदी के साथ हैं","Telangana CM said- Truce Pakistan two pieces: Pok mix in India; Time to give a befitting reply, we are all with PM Modi"
"भास्कर एक्सक्लूसिवसीरियल-किलर ने एक-रात में 3 लोगों के प्राइवेट पार्ट काटे:भीलवाड़ा में तीन मर्डर; एक दोस्त और पुलिसवाले को भी मारने वाला था, 70 कॉल किए","Bhaskar Exclusive Creater-Kaller cut private parts of 3 people in one-night: three murder in Bhilwara; A friend and policeman was also about to kill, made 70 calls"
"रामगोपाल यादव बोले- हिंदू ही हिंदू को मार रहा:वाराणसी में हिंदू लड़की से रेप हुआ, उसमें कौन सा मुसलमान था?","Ram Gopal Yadav said- Hindu is killing Hindu: In Varanasi, a Hindu girl was raped, which Muslim was there?"
मॉर्निंग न्यूज ब्रीफ:भारत बोला- पाकिस्तान को एक बूंद पानी नहीं देंगे; 4 आतंकियों के घर उड़ाए; 5 मिनट में देश-दुनिया की बड़ी खबरें,Morning News Brief: India said- a drop of water to Pakistan will not give water; 4 flew the houses of the terrorists; Big news of country and world in 5 minutes
"नेशनल हेराल्ड केस, सोनिया-राहुल को नोटिस से कोर्ट का इनकार:ED से कहा- चार्जशीट से कुछ डॉक्यूमेंट्स गायब, जमा करिए, फिर फैसला करेंगे","National Herald case, court refuses to notice Sonia-Rahul: ED told ED- Some documents disappear, submit, submit, then decide"
पूर्व ISRO चीफ के. कस्तूरीरंगन नहीं रहे:84 की उम्र में अंतिम सांस ली; इनके नेतृत्व में चंद्रयान मिशन की प्लानिंग शुरू हुई थी,Former ISRO Chief K. Kasturirangan did not remain: breathed his last at the age of 84; Planning of Chandrayaan Mission started under his leadership
"सुप्रीम कोर्ट बोला- राहुल को इतिहास-भूगोल नहीं मालूम:सावरकर पर टिप्पणी के लिए फटकार, जज बोले- फ्रीडम फाइटर्स के खिलाफ अनाप-शनाप न बोलें","Supreme Court said- Rahul does not know history-geography: Judge for commenting on Savarkar, judge said- do not speak against Freedom Fighters"
"केंद्र ने कहा- पाकिस्तान को एक बूंद पानी नहीं देंगे:सिंधु जल समझौता स्थगित करने का फैसला 3 फेज में होगा, 3 तरह की रणनीति बन रही","The Center said- a drop of water to Pakistan will not give water: The decision to postpone the Indus Water Agree will be in 3 phases, 3 types of strategies are being made"
"वक्फ कानून पर केंद्र का सुप्रीम कोर्ट में हलफनामा:कहा- धार्मिक अधिकार में कोई हस्तक्षेप नहीं, सभी याचिकाएं खारिज की जाएं","Center affidavits on Waqf law in the Supreme Court: said- there is no interference in religious rights, all petitions should be dismissed"
DRDO ने स्क्रैमजेट इंजन की सक्सेसफुल टेस्टिंग की:हैदराबाद सेंटर पर लगातार 1000 सेकेंड तक टेस्टिंग पूरी ; अब फुल-स्केल उड़ान के लिए तैयार,DRDO conducted successful testing of scumjet engine: Complete testing for 1000 seconds at Hyderabad Center; Now ready for full flight
"कठुआ में दिखे 4 संदिग्ध, सेना ने तलाशी शुरू की:स्थानीय लोगों ने सुरक्षाबलों को जानकारी दी थी; सुबह बांदीपोरा में एक आतंकी मारा गया","4 suspects seen in Kathua, army began searching: locals informed security forces; A terrorist killed in Bandipora in the morning"
"पहलगाम में खच्चर वाला गिरफ्तार, टूरिस्ट से धर्म पूछा था:यूपी की महिला बोली- आतंकियों के जो स्केच जारी हुए, उनमें दो लोगों से बहस हुई थी","The mule arrested in Pahalgam, the tourist was asked religion: The women of UP bid- the sketches of the terrorists were argued with two people."
मॉर्निंग न्यूज ब्रीफ:पहलगाम हमला– सरकार ने सुरक्षा में चूक मानी; PAK ने धमकी दी; पाकिस्तानी सैनिकों ने BSF जवान को पकड़ा; और बहुत कुछ,Morning News Brief: Pahalgam Attack - Government agreed in security; PAK threatened; Pakistani soldiers caught BSF jawan; And more
हिसार में पाकिस्तानी परिवार पकड़ा:वीजा खत्म होने के बाद भी रह रहा था; सभी 15 सदस्यों को दिल्ली के पाकिस्तानी कैंप भेजा,Pakistani family caught in Hisar: I was living even after the visa was over; All 15 members sent to Pakistani camp in Delhi
"भास्कर एक्सक्लूसिवपहलगाम में हरियाणा के लेफ्टिनेंट की हत्या कैसे हुई:पत्नी बोली- आर्मी वर्दी वाला आया; पूछा- हिंदू हो, हां सुनते ही AK-47 से 3 गोलियां मारीं","How was Lieutenant of Haryana killed in Bhaskar Exclusive Pahalgam: Wife Boli- Army Uniform came; Asked- be a Hindu, yes, he heard 3 bullets from AK-47"
हिमाचल राजभवन से पाकिस्तान का झंडा हटाया:पहलगाम आतंकी हमले के बाद तस्वीरें सामने आईं; 53 साल पहले शिमला समझौते के बाद लगाया था,"Pakistan's flag removed from Himachal Raj Bhavan: Pictures came out after Pahalgam terror attack; 53 years ago, after the Shimla Agreement"
भारत-पाक में तनाव पर ईरान बोला- हम मध्यस्थता को तैयार:अमेरिका ने कहा- हम भारत के साथ; कांग्रेस ने दिल्ली में कैंडल मार्च निकाला,Iran said on tension in Indo-Pak- We ready for arbitration: America said- we with India; Congress takes out a candle march in Delhi
"मुकेश अंबानी के छोटे बेटे अनंत को मिली बड़ी जिम्मेदारी:रिलायंस इंडस्ट्रीज के एग्जीक्यूटिव डायरेक्टर बने; 1 मई से संभालेंगे पद, 5 साल का कार्यकाल","Mukesh Ambani's younger son Anant gets a big responsibility: became the executive director of Reliance Industries; Will take over the post from May 1, 5 years term"
"यूनियन बैंक ने FD की ब्याज दरों में कटौती की:अब 1 साल की FD कराने पर 6.75% ब्याज मिलेगा, देखें नई इंटरेस्ट रेट्स","Union Bank cuts FD interest rates: Now 6.75% interest will be available on 1 year FD, see new interest rates"
"इस हफ्ते सोने-चांदी में रही तेजी:सोना 721 रुपए महंगा होकर 95,631 रुपए पर पहुंचा, चांदी 97,684 रुपए किलो बिक रही","Gold and silver rise this week: Gold reached Rs 721 and reached Rs 95,631, silver is being sold at Rs 97,684 kg"
"अब भारत में 6 करोड़ से ज्यादा आईफोन बनेंगे:LIC का होम लोन 0.25% सस्ता हुआ, रिलायंस को ₹19,407 करोड़ का मुनाफा","Now more than 6 crore iPhones will be made in India: LIC's home loan is 0.25% cheaper, Reliance has a profit of ₹ 19,407 crore"
"रिलायंस को चौथी तिमाही में ₹19,407 करोड़ का मुनाफा:सालाना कमाई 10% बढ़कर ₹2.69 लाख करोड़, ₹5.50 प्रति शेयर डिविडेंड देगी कंपनी","Reliance has a profit of ₹ 19,407 crore in the fourth quarter: The company will give a dividend 10% to ₹ 2.69 lakh crore, ₹ 5.50 per share"
"एक साल में 10% गिर चुका है मारुति का शेयर:मारुति सुजुकी ने बेचीं 6 लाख से ज्यादा गाड़ियां, फिर भी चौथी तिमाही में मुनाफा घटा","Maruti share has fallen 10% in a year: Maruti Suzuki sold more than 6 lakh vehicles, yet the profit decreased in the fourth quarter"
ओला इलेक्ट्रिक को केंद्रीय परिवहन मंत्रालय ने शो-कॉज नोटिस दिया:7 दिन के भीतर सर्विस सेंटर और ट्रेड सर्टिफिकेट्स की जानकारी मांगी; 5% गिरा शेयर,The Union Ministry of Transport gave Show-Cosses notice to Ola Electric: Better information about service centers and trade certificates within 7 days; 5% dropped share
"जग्गी ब्रदर्स के खिलाफ लुकआउट सर्कुलर जारी:ED ने एक दिन पहले कंपनी के ऑफिसेस पर छापे मारे थे, ₹262 करोड़ की हेराफेरी का आरोप","Lookout circular issued against Jaggi Brothers: ED raided the company's offices a day earlier, accused of rigging ₹ 262 crore"
"पहलगाम हमले के बाद भारत-पाक तनाव से बाजार में गिरावट:सेंसेक्स 589 अंक गिरकर 79,212 के स्तर पर बंद, मेटल-फार्मा सेक्टर में बिकवाली","Indo-Pak tension declines due to Pahalgam attack: Sensex falls 589 points to close at 79,212 levels, selling in metal-pharma sector"
"LIC हाउसिंग फाइनेंस का होम लोन 0.25% सस्ता हुआ:अब 8% इंटरेस्ट पर मिलेगा कर्ज, यहां समझें EMI कितनी कम हो जाएगी","Home loan of LIC Housing Finance became 0.25% cheaper: Now 8% interest will be given on interest, understand here how much EMI will be reduced"
"अनंत अंबानी रिलायंस इंडस्ट्रीज के एग्जीक्यूटिव डायरेक्टर बने:यूनियन बैंक में FD कराने पर 6.75% ब्याज मिलेगा, 2025 रॉयल एनफील्ड हंटर 350 लॉन्च","Anant Ambani becomes Executive Director of Reliance Industries: 6.75% interest will be available for FD in Union Bank, 2025 Royal Enfield Hunter launched 350"
"अमेरिका में बिकने वाले सभी आईफोन अब भारत में बनेंगे:2026 तक चीन से शिफ्ट हो सकती है मैन्यूफैक्चरिंग, 6 करोड़+ आईफोन बनेंगे","All iPhones sold in America will now be made in India: Manufacturing can be shifted from China by 2026, 6 crore+ iPhones will be made"
"आज सोने-चांदी के दाम में गिरावट:सोना ₹617 गिरकर ₹95,669 पर आया, चांदी ₹97,513 किलो बिक रही","Gold and silver prices fall today: gold fell ₹ 617 to ₹ 95,669, silver is being sold ₹ 97,513 kg"
"पहलगाम अटैक- 90% लोगों ने ट्रैवल बुकिंग कैंसिल की:ED हिरासत में जेनसोल फाउंडर पुनीत जग्गी, अडाणी एनर्जी का चौथी तिमाही में मुनाफा 79% बढ़ा","Pahalgam Attack- 90% people canceled travel booking: Jansol Founder Puneet Jaggi, Adani Energy's profit up 79% in the fourth quarter"
"एक्सिस बैंक का चौथी तिमाही में मुनाफा 1.62% घटा:कमाई सालाना आधार पर 5.60% बढ़कर ₹39,958 करोड़ रही, ₹1 प्रति शेयर डिविडेंड देगा बैंक","Axis Bank's profit decreased by 1.62% in the fourth quarter: Earnings increased by 5.60% to ₹ 39,958 crore on an annual basis, ₹ 1 per share will divide the bank"
"ED ने जेनसोल के परिसरों पर छापेमारी की:को-फाउंडर पुनीत जग्गी को हिरासत में लिया, ₹262 करोड़ की हेराफेरी का आरोप","ED raided Jansol campus: Ko-founder Puneet Jaggi detained, accused of rigging ₹ 262 crore"
"टेक महिंद्रा का चौथी तिमाही में मुनाफा 77% बढ़ा:रेवेन्यू सालाना आधार पर ₹13,384 करोड़ रहा, प्रति शेयर ₹30 डिविडेंड देगी कंपनी","Tech Mahindra's profit up 77% in the fourth quarter: Revenue was ₹ 13,384 crore on an annual basis, the company will give ₹ 30 dividend per share"
"सोना आज ₹201 महंगा होकर ₹96,286 पर आया:2 दिन पहले गोल्ड का भाव ₹1 लाख था, चांदी ₹1,021 बढ़कर ₹97,634 प्रति किलो बिक रही","Gold today came ₹ 201 and came to ₹ 96,286: Gold was ₹ 1 lakh, 2 days ago, silver increased ₹ 1,021 to ₹ 97,634 per kg."
"अडाणी एनर्जी सॉल्यूशंस का चौथी तिमाही में मुनाफा 79% बढ़ा:रेवेन्यू बढ़कर ₹6,375 करोड़ रहा, 2025 में अब तक कंपनी का शेयर 20% चढ़ा","Adani Energy Solutions's profit up 79% in the fourth quarter: Revenue increased to ₹ 6,375 crore, the company's stock rises 20% so far in 2025"
"पहलगाम अटैक के बाद पर्यटकों का पलायन शुरू:24 घंटे में 90% होटल कमरे खाली, लोगों में रोजगार खोने का डर, GDP पर पड़ेगा असर","Tourist migration begins after Pahalgam attack: 90% hotel room empty in 24 hours, fear of losing employment in people, GDP will affect GDP"
SME कंपनियों के मेनबोर्ड में शिफ्टिंग के नियम सख्त हुए:वित्त वर्ष में रेवेन्यू ₹100 करोड़ होना जरूरी; मिनिमम नेटवर्थ ₹75 करोड़ होनी चाहिए,The rules of shifting in the mainboard of SME companies were strict: Revenue ₹ 100 crore in the financial year is required; Minimum net worth should be ₹ 75 crore
"लगातार 7 दिन की तेजी के बाद गिरा शेयर बाजार:सेंसेक्स 315 अंक नीचे 79,801 पर बंद, निफ्टी 82 अंक गिरा; रियल्टी शेयर सबसे ज्यादा टूटे","Stock market dropped after 7 consecutive days of rise: Sensex closed at 79,801, Nifty dropped 82 points; Realty shares broken the most"
"मैगी बनाने वाली कंपनी नेस्ले-इंडिया का मुनाफा 6.5% घटा:चौथी तिमाही में रेवेन्यू 4.48% बढ़कर ₹5,503 करोड़ रहा, प्रति शेयर ₹10 डिविडेंड देगी कंपनी","Maggi making company Nestle-India's profit decreased by 6.5%: Revenue increased 4.48% to ₹ 5,503 crore in the fourth quarter, the company will give ₹ 10 dividend per share"
"₹10 लाख से ज्यादा के सामान पर 1% TCS लगेगा:गोल्ड एक दिन में ₹2399 सस्ता हुआ, FY26 में भारतीय GDP 6.3% की दर से बढ़ेगी","Equal items of more than ₹ 10 lakh will cost 1% TCS: Gold becomes ₹ 2399 cheaper in a day, Indian GDP will increase at 6.3% in FY26"
लग्जरी वॉच-शूज से लेकर पेंटिंग्स खरीदने पर अब नया टैक्स:सरकार ने ₹10 लाख से ज्यादा के लग्जरी-आइटम्स की खरीद पर 1% TCS लागू किया,Now new tax on purchasing luxury watch shoes to paintings: Government implemented 1% TCS on the purchase of luxury-appends of more than ₹ 10 lakh
"एपल और मेटा पर ₹6,783 करोड़ का जुर्माना:यूरोपीय कमीशन की कार्रवाई; दोनों कंपनियों पर अनफेयर बिजनेस प्रैक्टिस का आरोप","A fine of ₹ 6,783 crore on Apple and Meta: European Commission action; Both companies accused of unique business practice"
"सोना ₹2,399 सस्ता होकर ₹96,085 पर आया:एक दिन पहले एक लाख रुपए कीमत का ऑल टाइम हाई बनाया था","Gold came to ₹ 2,399 cheaper to ₹ 96,085: A day ago, an all -time high worth Rs 1 lakh was made high"
"FY25 की चौथी तिमाही में टाटा-कंज्यूमर का मुनाफा 65% बढ़ा:रेवेन्यू ₹4,608 करोड़ रहा, प्रति शेयर ₹8.25 का डिविडेंड देगी कंपनी","Tata-Consumer profit up by 65% ​​in the fourth quarter of FY25: Revenue was ₹ 4,608 crore, the company will give a dividend of ₹ 8.25 per share"
"एक्सिस बैंक ने FD की ब्याज दरों में बदलाव किया:अब जमा पर 7.65% तक का ब्याज मिलेगा, देखें नई इंटरेस्ट रेट्स","Axis Bank changed the interest rates of FD: Now we will get interest of up to 7.65% on deposits, see new interest rates"
"शेयर बाजार में लगातार 7वें दिन तेजी:सेंसेक्स 521 अंक ऊपर 80,116 पर बंद, NSE के IT और ऑटो सेक्टर में 4.5% की तेजी","Stock market booms for 7th consecutive day: Sensex closed at 80,116, NSE's IT and auto sector gained 4.5%"
"नतीजों के बाद HCL टेक का शेयर 7.74% चढ़ा:जनवरी-मार्च तिमाही में कंपनी को ₹4,309 करोड़ का मुनाफा, इस साल 17% गिरा है शेयर","HCL Tech shares climbed 7.74% after the results: Company has a profit of ₹ 4,309 crore in January-March quarter, 17% has dropped this year"
वर्ल्ड बैंक ने भी घटाया इकोनॉमी में तेजी का अनुमान:FY26 में भारतीय GDP 6.3% की दर से बढ़ेगी; कल IMF ने कम की थी ग्रोथ-रेट,The World Bank also reduced the rise in economy: Indian GDP will grow at a rate of 6.3% in FY26; IMF reduced growth yesterday
इंपैक्ट फीचर:मिनिमम वेरियांस फंड कंजरवेटिव इन्वेस्टर्स के लिए बहुत उपयोगी - भगचंदानी,Impact feature: very useful for minimum variants fund Conservative Investors - Bhagchandani
पहलगाम आतंकी हमले के चलते एयरलाइंस ने कैंसिलेशन-रिशेड्यूलिंग चार्ज हटाए:एयर इंडिया और इंडिगो आज श्रीनगर से दिल्ली-मुंबई के लिए स्पेशल फ्लाइट भी चलाएंगी,Airlines removed Cancellation-Richedwulling Charge due to Pahalgam terror attack: Air India and IndiGo will also run special flights from Srinagar to Delhi-Mumbai today
"हाईकोर्ट बोला- शरबत पर रामदेव का बयान माफी लायक नहीं:अपने विचार अपने तक रखें, बयान ने आत्मा झकझोर दी; रामदेव हटाएंगे सारे वीडियो","The High Court said- Ramdev's statement on sorbet is not forgiven: Keep your thoughts to yourself, the statement shook the soul; Ramdev will remove all videos"
"गोल्ड का नया रिकॉर्ड, ₹1 लाख पार हुआ:अमेरिका-भारत ने ट्रेड डील के लिए शर्तें की फाइनल; महाराष्ट्र में ओला के 121 स्टोर्स बंद होंगे","Gold's new record, crossed ₹ 1 lakh: US-India finals for trade deal; Ola's 121 stores will be closed in Maharashtra"
IMF ने भारत की GDP ग्रोथ का अनुमान 0.30% घटाया:वित्त वर्ष 2025-26 के लिए 6.2% किया; RBI ने 6.5% ग्रोथ रेट का अनुमान बताया,IMF reduced India's GDP growth 0.30%: 6.2% for FY 2025-26; RBI inferred an estimate of 6.5% growth rate
"चीन का 10G ब्रॉडबैंड नेटवर्क दुनिया में पहला नहीं:साउथ-कोरिया, जापान जैसे देशों में ये पहले से मौजूद; स्पीड भारत से 100 गुना तेज","China's 10G broadband network is not the first in the world: It is already present in countries like South-Korea, Japan; Speed ​​100 times faster than India"
"FY25 की चौथी तिमाही में HCL-टेक का मुनाफा 7.85% बढ़ा:रेवेन्यू ₹30,246 करोड़ रहा, प्रति शेयर ₹18 का डिविडेंड देगी कंपनी","HCL-tech profit up by 7.85% in the fourth quarter of FY25: Revenue was ₹ 30,246 crore, the company will give a dividend of ₹ 18 per share"
"एथर-एनर्जी ने SEBI के पास फिर ड्राफ्ट पेपर्स फाइल किए:IPO में ₹2,626 करोड़ के नए शेयर जारी होंगे; 28-30 अप्रैल के बीच ओपन होगा","Ather-Energy again filed draft papers to SEBI: New shares worth ₹ 2,626 crore will be issued in IPO; Will open between 28-30 April"
"एथर एनर्जी ने IPO साइज 25% घटाकर ₹3,000 करोड़ किया:अब अप्रैल की जगह मई में होगी लिस्टिंग; अगले हफ्ते रिवाइज्ड ड्राफ्ट पेपर्स दाखिल करेगी कंपनी","Ather Energy reduced the IPO size by 25% to ₹ 3,000 crore: Now the listing will be in May instead of April; The company will file revised draft papers next week"
"इंपैक्ट फीचर:डेस्टिनेशन दुबई – सीजन 4, आरजे अर्चना और शुभि की धमाकेदार गर्ल्स ट्रिप! MYFM पर फिर गूंजेगी दुबई की रौनक","Impact feature: Destination Dubai - Season 4, RJ ​​Archana and Shubhi's bang Girls Trip! Dubai's beauty will resonate again on Myfm"
"गोल्ड का नया रिकॉर्ड, ₹1 लाख हुआ:112 दिन में ₹23,838 महंगा हो चुका है, इस साल ₹1.10 लाख तक जा सकते हैं दाम","Gold's new record, ₹ 1 lakh: ₹ 23,838 has become expensive in 112 days, this year you can go up to ₹ 1.10 lakh"
महाराष्ट्र में ओला के 121 स्टोर्स बंद होंगे:ट्रेड सर्टिफिकेट नहीं होने के चलते ट्रांसपोर्ट विभाग की कार्रवाई; पिछले महीने 32 स्टोर्स पर रेड हुई थी,121 stores of Ola will be closed in Maharashtra: Transport Department action due to lack of trade certificate; Last month was red at 32 stores
अमेरिका-भारत ने ट्रेड डील के लिए शर्तें फाइनल की:उपराष्ट्रपति जेडी वेंस बोले- इससे दोनों देशों के बीच फाइनल डील का रोडमैप तैयार होगा,America-India finalized conditions for trade deal: Vice President JD Vance said- This will prepare the final deal between the two countries
"HDFC बैंक का मार्केट कैप ₹15 लाख करोड़ पार:यह आंकड़ा पार करने वाली देश की तीसरी कंपनी बनी, बैंक का शेयर आज 1.71% चढ़ा","HDFC Bank's market cap crosses ₹ 15 lakh crore: This figure became the third company in the country, bank shares climbed 1.71% today"
"FD vs पोस्ट ऑफिस टाइम डिपॉजिट अकाउंट:SBI और HDFC सहित कई बैंकों ने FD इंटरेस्ट रेट्स में बदलाव किया, देखें अब कहां कितना ब्याज","FD vs post office time deposit account: Many banks including SBI and HDFC changed FD interest rates, see where how much interest now"
"बारिश के कारण पंजाब-कोलकाता मैच रद्ददोनों टीमों को 1-1 पॉइंट मिला, PBKS पॉइंट्स टेबल में चौथे नंबर पर पहुंची","Punjab-Kolkata matches canceled due to rain, other teams got 1-1 point, PBKS reached number four in the table"
"बारिश के कारण पंजाब-कोलकाता मैच रद्द:दोनों टीमों को 1-1 पॉइंट मिला, PBKS पॉइंट्स टेबल में चौथे नंबर पर पहुंची","Punjab-Kolkata match canceled due to rain: Both teams get 1-1 point, PBKS Points reached number four in the table"
इंडिया को पाकिस्तान से ICC इवेंट में नहीं खेलना चाहिए:पहलगाम आंतकी हमले के बाद सौरव गांगुली बोले; हमें सख्त कदम उठाना चाहिए,India should not play in the ICC event from Pakistan: Sourav Ganguly spoke after Pahalgam terrorist attack; We should take strict steps
आरपी सिंह बोले- श्रेयस शानदार कप्तान:गलतियां बहुत कम करते हैं; मुंबई के पास सीजन की बेस्ट बॉलिंग यूनिट,RP Singh said- Shreyas Fantastic Captain: Mistakes make very little mistakes; Best bowling unit of season near Mumbai
"IPL मैच एनालिसिसधोनी की टीम का प्लेऑफ में जाना हुआ मुश्किल:CSK की सातवीं हार, SRH ने 5 विकेट से हराया; हर्षल को 4 विकेट","The IPL match was difficult for Analysisadhony's team to know in the playoff: CSK's seventh defeat, SRH defeated by 5 wickets; 4 wickets for Harshal"
"धोनी 400वां टी-20 मैच खेलने वाले चौथे भारतीय:कामिंडू ने 11.09 मीटर दौड़कर कैच लपका, शमी को मैच की पहली बॉल पर विकेट; मोमेंट्स-रिकॉर्ड्स",Dhoni fourth Indian to play 400th T20 matches: Kamindu ran 11.09 meters and caught wickets on the first ball of the match to Shami; Moments-records
PBKS Vs KKR फैंटेसी:श्रेयस अय्यर को कप्तान और सुनील नरेन को वाइस कैप्टन चुन सकते हैं,PBKS vs KKR Fantasy: Shreyas Iyer can be selected as captain and Sunil Naren can choose Vice Captain
"हैदराबाद चेपॉक में चेन्नई के खिलाफ पहली बार जीती:होम टीम को 5 विकेट से हराया, मेंडिस के नाबाद 32 रन; हर्षल को 4 विकेट","Won for the first time against Chennai in Hyderabad Chepock: defeated home team by 5 wickets, 32 runs from Mendis; 4 wickets for Harshal"
"भास्कर IPL पोलईडन गार्डन्स में आज कोलकाता Vs पंजाब:श्रेयस अय्यर आज कितने रन बनाएंगे, कौन जीतेगा मैच; प्रिडिक्ट करें","Kolkata vs Punjab today at Bhaskar IPL Polidan Gardens: How many runs will Shreyas Iyer have scored today, who will win the match; Predict"
"नीरज चोपड़ा ने अरशद को इन्विटेशन भेजने पर सफाई दी:कहा- पहलगाम हमले से पहले बुलाया था, अब पाकिस्तानी जेवलिन थ्रोअर के आने का सवाल ही नहीं","Neeraj Chopra clarified on sending invitation to Arshad: He said- had called Pahalgam before the attack, now there is no question of Pakistani Javelin thrower coming"
"IPL मैच मोमेंट्सयशस्वी ने पहली गेंद पर छक्का लगाया:हेजलवुड को 2 गेंद पर 2 विकेट, कोहली ने सीजन में 5वीं फिफ्टी लगाई","IPL Match Momentsyasvi hit a six on the first ball: 2 wickets off Hazelwood, Kohli put 5th fifty in the season"
"भास्कर IPL पोलवानखेड़े में आज मुंबई vs लखनऊ:रोहित शर्मा आज कितने रन बनाएंगे, कौन जीतेगा मैच; प्रिडिक्ट करें","Bhaskar IPL Polywakhede in Mumbai vs Lucknow today: How many runs Rohit Sharma will score today, who will win the match; Predict"
IPL मैच मोमेंट्सप्रभसिमरन ने स्विच हिट पर सिक्स लगाया:प्रियांश ने चौके से पंजाब का खाता खोला; वैभव से श्रेयस का कैच छूटा,IPL Match Momentsprabhasimran imposed six on the switch hit: Priyansh opened Punjab's account with fours; Shreyas's catch missed from Vaibhav
"भास्कर IPL पोलअरुण जेटली स्टेडियम में आज दिल्ली Vs बेंगलुरु:विराट कोहली आज कितने रन बनाएंगे, कौन जीतेगा मैच; प्रिडिक्ट करें","Delhi vs Bengaluru today at Bhaskar IPL Polarun Jaitley Stadium: How many runs will Virat Kohli score today, who will win the match; Predict"
"IPL मैच प्री-व्यूIPL में आज दूसरा मैच दिल्ली Vs बेंगलुरु:सीजन में दूसरी बार होगा सामना, जीतने वाली टीम पॉइंट्स टेबल में टॉप पर आ जाएगी","The second match in IPL match pre-verse IPL today Delhi vs Bengaluru: Will face the second time in the season, the winning team will top the points table"
"भास्कर IPL पोलआज चेन्नई vs हैदराबाद:पहले बैटिंग करने वाली टीम कितना स्कोर करेगी, कौन जीतेगा मैच; प्रिडिक्ट करें","Bhaskar IPL Polyz Chennai vs Hyderabad: How much will the team score the first batting, who will win the match; Predict"
IPL मैच एनालिसिसहेजलवुड के 19वें ओवर ने RCB को दिलाई जीत:राजस्थान लगातार 5वां मैच हारा; कोहली और पडिक्कल ने फिफ्टी लगाई,The 19th over of IPL match AnalysisHejalwood won RCB: Rajasthan lost the 5th consecutive match; Kohli and Padikkal put fifty
"CSK Vs SRH फैंटेसी-11:अभिषेक शर्मा  को कप्तान बनाया जा सकता है, जबकि रविंद्र जडेजा को वाइस कैप्टन चुन सकते हैं","CSK vs SRH Fantasy-11: Abhishek Sharma can be made captain, while Ravindra Jadeja can be chosen as Vice Captain"
RCB की होमग्राउंड पर पहली जीत:राजस्थान को 11 रन से हराया; हेजलवुड ने 19वें ओवर में 2 विकेट लेकर पलटा मैच,RCB's first win on homeground: defeated Rajasthan by 11 runs; Hazelwood overturned 2 wickets in 19th over
पाकिस्तानी ओलिंपिक गोल्ड मेडलिस्ट जेवलिन थ्रोअर अरशद भारत नहीं आएंगे:नीरज चोपड़ा का इनविटेशन ठुकराया; बेंगलुरु में 24 मई को है एनसी क्लासिक टूर्नामेंट,Pakistani Olympic Gold Medalist Javelin Throor Arshad will not come to India: Neeraj Chopra's invitation rejected; NC classic tournament is held in Bengaluru on 24 May
PSL में पाकिस्तान गेंदबाज इफ्तिखार पर लगा चकिंग का आरोप:न्‍यूजीलैंड के क्रिकेटर कॉलिन मुनरो ने एक्शन दिखाया; दोनों में बहस,Pakistan bowler Iftikhar accused of Chaking in PSL: New Zealand cricketer Colin Munro showed action; Debate in both
"भास्कर IPL पोलआज बेंगलुरु का सामना राजस्थान से होगा:कौन मारेगा बाजी, कितने रन बनाएंगे विराट कोहली; अपनी राय दीजिए","Bhaskar IPL Polyz Bengaluru will face Rajasthan: Who will kill Baji, how many runs will Virat Kohli score; Give your opinion"
IPL मैच एनालिसिसपावरप्ले में बेहतरीन बॉलिंग से जीती मुंबई इंडियंस:हैदराबाद को हराकर पॉइंट्स टेबल में तीसरे नंबर पर पहुंची MI; रोहित की फिफ्टी,Mumbai Indians won by the best bowling at the IPL match AnalysisPavarplay: Mi reached number three in the points table after defeating Hyderabad; Rohit's fifty
गौतम गंभीर को जान से मारने की धमकी:ISIS कश्मीर ने लिखा- I KILL U; 4 साल पहले भी ऐसा ही मेल मिला था,Gautam Gambhir threatened to kill: ISIS Kashmir wrote- I Kill U; A similar mail was received 4 years ago
"रोहित टी-20 में 12 हजार रन बनाने वाले दूसरे भारतीय:मुंबई के लिए हाईएस्ट सिक्स भी लगाए, काली पट्टी बांधकर उतरे प्लेयर्स; मोमेंट्स-रिकॉर्ड्स",Second Indian to score 12 thousand runs in Rohit T20: Players landed by tied black bands for Mumbai; Moments-records
"कुंबले बोले- RR चिन्नास्वामी में वापसी कर सकती है:टीम को बटलर की कमी खल रही, RCB घरेलू परिस्थितियों के अनुकूल नहीं बन पा रही","Kumble said- RR can return to Chinnaswamy: Team is missing Butler, RCB is not able to adapt to domestic conditions"
"RCB Vs RR फैंटेसी-11:विराट कोहली को कप्तान बनाया जा सकता है, जबकि यशस्वी जायसवाल को वाइस कैप्टन चुन सकते हैं","RCB Vs RR Fantasy-11: Virat Kohli can be made captain, while Yashasvi Jaiswal can be chosen as Vice Captain"
"मुंबई इंडियंस ने लगातार चौथा मैच जीता:हैदराबाद को 7 विकेट से हराया, पॉइंट्स टेबल के टॉप-3 में पहुंचे; बोल्ट को 4 विकेट","Mumbai Indians won the fourth consecutive match: defeated Hyderabad by 7 wickets, reaching the top-3 of the points table; Bolt gets 4 wickets"
रमीज राजा प्रजेंटेशन में PSL को IPL कह बैठे:बोले-जोशुआ लिटिल ने IPL का बेहतरीन कैच पकड़ा; IPL में कर चुके हैं कमेंट्री,"In the Rameez Raja presentation, PSL sat calling IPL: Bola-Joshua Little caught the best catch of IPL; Have commented in IPL"
हैदराबाद-मुंबई मैच में नहीं होगा पटाखे-चीयरलीडर्स का सेलिब्रेशन:काली पट्टी पहनकर उतरेंगे खिलाड़ी; कश्मीर टेरर अटैक में मारे गए लोगों को देंगे श्रद्धांजलि,"Hyderabad-Mumbai match will not be in the match, celebrations of firecrackers-Celebrs: Players will wearing black bandage; Kashmir will pay tribute to those killed in terror attack"
"वॉर्नर और कोहली को पीछे छोड़ राहुल ने बनाया रिकॉर्ड:स्टब्स-स्टार्क से छूटे कैच, मुकेश ने एक ही ओवर में झटके दो विकेट; मोमेंट्स-रिकॉर्ड्स","Leading behind Warner and Kohli, Rahul set a record: Catch from Stabs-Stark, Mukesh jerked two wickets in a single over; Moments-records"
"IPL मैच एनालिसिसबेहतरीन डेथ बॉलिंग से जीती दिल्ली:लखनऊ को 8 विकेट से हराया, पोरेल और राहुल की फिफ्टी; मुकेश कुमार को 4 विकेट","IPL match Analysis won by Death bowling Delhi: defeated Lucknow by 8 wickets, Porel and Rahul's fifty; 4 wickets to Mukesh Kumar"
SRH Vs MI फैंटेसी-11:सूर्य कुमार MI के टॉप रन स्कोरर चुन सकते हैं कप्तान,SRH vs Mi Fantasy-11: Captain can choose the top run scorer of Surya Kumar Mi
"भास्कर IPL पोलIPL में हैदराबाद vs मुंबई:कौन बनेगा मैच का हीरो, कितने रन बनाएंगे अभिषेक शर्मा; प्रिडिक्शन दीजिए","Bhaskar IPL Poll IPL Hyderabad vs Mumbai: Kaun Banega Match Hero, how many runs will Abhishek Sharma score; Give preference"
"LSG की हार से निराश हुए फैंस:मैच समाप्त होने के पहले ही स्टेडियम से निकले, KL राहुल का क्रेज रहा","Fans disappointed with LSG's defeat: KL came out of the stadium before the match was over, KL Rahul's craze"
दिल्ली ने लखनऊ को 8 विकेट से हराया:पोरेल और राहुल ने फिफ्टी लगाई; मुकेश कुमार ने 4 विकेट लिए,Delhi defeated Lucknow by 8 wickets: Porel and Rahul imposed fifty; Mukesh Kumar took 4 wickets
"विनेश फोगाट के प्राइज मनी-प्लॉट को CM की मंजूरी:दोनों फाइलों पर सैनी के साइन हुए; खेल विभाग 4 करोड़, HSVP प्लॉट देगा","Vinesh Phogat's prize money-plot approval for CM: Saini signed on both files; Sports Department 4 Crore, HSVP Plot"
पूरन से बोला फैन- सिर फूट जाए कोई बात नहीं:लखनऊ में छक्के लगने चाहिए; गेंद से घायल फैन से मिले क्रिकेटर...कैप गिफ्ट की,Fan said to Puran- Nothing should be broken: sixes should be hit in Lucknow; Cricketer met fan injured by ball ... cap gift
"मयंक यादव ने नेट्स में बहाया पसीना:निकोलस पूरन ने लगाई बड़ी हिट्स, जस्टिन लैंगर ने पिच का लिया जायजा","Mayank Yadav sweats in the nets: Nicholas Puran set big hits, Justin Langer reviewed the pitch"
"बुमराह बने विजडन क्रिकेटर ऑफ द ईयर:महिलाओं में स्मृति मंधाना को मिला यह खिताब, वेस्टइंडीज के पूरन टी-20 में बेस्ट क्रिकेटर","Bumrah became Wisdon Cricketer of the Year: Smriti Mandhana gets this title among women, West Indies Puran T20 Best Cricketer in T20"
"भास्कर IPL पोल40वें मैच में आज लखनऊ के सामने दिल्ली:निकोलस पूरन कितने रन बनाएंगे, प्लेयर ऑफ द मैच कौन होगा; अपना प्रिडिक्शन दीजिए","Bhaskar IPL Poll in front of Lucknow today in the 40th match Delhi: How many runs will Nicolas Puran score, who will be the player of the match; Give your prevention"
IPL मैच मोमेंट्सबटलर की 2 स्टंपिंग ने बदला मैच का रुख:प्रसिद्ध के एक ओवर में दो विकेट; मनीष-वैभव से छूटे बटलर के कैच,IPL Match Momentsbatler's 2 stumping changed the match: Two wickets in one over; Butler's catch left out of Manish-Vibhava
"आज का एक्सप्लेनर:मैच हराने की मशीन बने धोनी, कभी नौवें नंबर पर उतरे, कभी स्लो बैटिंग; फिर भी CSK शौक से क्यों ढो रही","Today's Excellener: Dhoni became a match defeating machine, sometimes landed at number nine, sometimes slow batting; Why CSK is still carrying hobbies"
"राजस्थान रॉयल्स की हार पर भिड़े टीम प्रबंधन और RCA:जयदीप बिहाणी के मैच फिक्सिंग के आरोप को बताया बेबुनियाद, सीएम से सख्त कार्रवाई की मांग","Team management and RCA clashed over Rajasthan Royals' defeat: Jayadeep Bihani's allegation of match fixing told baseless, demand for strict action from CM"
"IPL मैच एनालिसिसकोलकाता को हराकर टेबल टॉपर बनी गुजरात टाइटंस:छठा मैच जीता, कप्तान शुभमन ने 90 रन बनाए; प्रसिद्ध-राशिद को 2-2 विकेट","Gujarat Titans became table topper after defeating IPL match Analysiskolakata: Won the sixth match, captain Shubman scored 90 runs; 2-2 wickets for famous Rashid"
"लखनऊ Vs दिल्ली फैंटेसी-11:निकोलस पूरन IPL 2025 के टॉप रन स्कोरर, कप्तान चुन सकते हैं","Lucknow vs Delhi Fantasy-11: Nicholas Puran IPL 2025 top run scorer, captain can choose"
"गुजरात ने कोलकाता को 39 रन से हराया:प्रसिद्ध और राशिद को 2-2 विकेट, शुभमन और सुदर्शन ने फिफ्टी लगाई","Gujarat defeated Kolkata by 39 runs: Famous and Rashid 2-2 wickets, Shubman and Sudarshan put fifty"
"RCA एडहॉक कमेटी संयोजक बोले-राजस्थान रॉयल्स जीता मैच कैसे हारी?:लखनऊ के खिलाफ मैच पर संदेह; जिसका नाम लाल डायरी में था, वह कुछ भी कर सकता है","RCA Adhoc Committee Convenor said-How to win the match?: Doubt the match against Lucknow; Whose name was in the red diary, he can do anything"
"34 खिलाड़ियों को मिला BCCI का सेंट्रल कॉन्ट्रैक्ट:श्रेयस-ईशान की वापसी, रोहित-विराट A+ में बरकरार, अश्विन सहित पांच खिलाड़ी बाहर किए गए","34 players got BCCI's Central Contract: Five players including Shreyas-Ishan's return, Rohit-Virat A+ were excluded, including Ashwin."
"हॉलीवुड एक्ट्रेस, जिसकी नग्न लाश मिली:रेप कर चेहरे पर गोली मारी गई, साथ पड़ी थी कातिल की लाश, पति ने कर ली आत्महत्या","Hollywood actress, whose naked corpse was found: Rape was shot and shot on his face, murdered body, husband committed suicide"
"सलमान की बहन की क्यूटनेस पर फिदा थे आयुष:पहली नजर में ही भा गई थीं अर्पिता खान, एक्टर ने शेयर किया लव स्टोरी का किस्सा","Ayush was fed on Salman's sister's cuteness: Arpita Khan was liked at first sight, actor shared the story of love story"
"पापा के संघर्ष और खेती से जुड़ाव ने दी ताकत:'मिस वर्ल्ड 2025' में भारत को रिप्रेजेंट करेंगी नंदिनी गुप्ता, बोलीं- 10 साल से था यह सपना","Papa's struggle and association with farming strengthened: Nandini Gupta will represent India in 'Miss World 2025', said- This dream was for 10 years"
"अक्षय कुमार ने बनाई असिन-राहुल की जोड़ी:गजनी एक्ट्रेस के पति ने खोला राज, खिलाड़ी कुमार ने कराई थी दोनों की पहली मुलाकात","Akshay Kumar formed the pair of Asin-Rahul: Ghajini actress's husband opened Raj, Khiladi Kumar had both met first"
"फैंस के प्यार से मिलता है मुझे हौसला:इमरान हाशमी ने कहा - हमें अपनी जड़ों से जुड़ी कहानियां बनानी चाहिए, तभी आएगी ऑडियंस थिएटर","I get courage with the love of fans: Emraan Hashmi said - We should make stories related to our roots, only then the audience theater will come"
"अक्षय कुमार की फिल्म पर चोरी का आरोप:यूट्यूबर का दावा- 'केसरी-2' के डायलॉग्स में पांच साल पुरानी कविता की हूबहू कॉपी, क्रेडिट भी नहीं","Akshay Kumar's film allegations of theft: YouTuber claims- five-year-old poetry copy in 'Kesari-2' dialogues, not even credit"
"पूर्व पाकिस्तानी मंत्री ने अदनान की नागरिकता पर उठाया सवाल:भड़के सिंगर, एक्स पर जवाब देते हुए कहा- 'अनपढ़ मूर्ख'","Former Pakistani minister raised questions on Adnan's citizenship: Ranging singer, replying to X and said- 'illiterate fools'"
"पाकिस्तानी कलाकारों संग काम करने पर देशद्रोह का होगा केस:FWICE ने मंत्रालय को लिखा पत्र , बोले- इंडियन कलाकार ऐसा करना से पहले हजार बार सोचें","Working with Pakistani artists will be a case of treason: FWICE wrote a letter to the ministry, said- Indian artists think a thousand times before doing so"
"एआर रहमान पर शास्त्रीय संगीत चोरी का आरोप:दिल्ली हाईकोर्ट ने लगाया 2 करोड़ का जुर्माना, पोन्नियिन सेलवन 2 का गाना बताया डागर परिवार की रचना","AR Rahman accused of classical music theft: Delhi High Court imposed a fine of 2 crores, the song of Ponyin Selvan 2 told the creation of the Dagar family"
"'कश्मीर हमारा था, हमारा है और हमेशा हमारा ही रहेगा':सुनील शेट्टी का पहलगाम हमले पर जवाब, बोले- अब से अगली छुट्टी कश्मीर में होगी","'Kashmir was ours, ours and will always remain ours': Sunil Shetty's answer to Pahalgam attack, said- from now on, the next holiday will be in Kashmir"
"शराब की लत के कारण टूटा था शुभांगी-पीयूष का रिश्ता:एक्स हसबैंड के निधन के बाद एक्ट्रेस का खुलासा, बोलीं- फेम के कारण नहीं छोड़ा था","Shubhangi-Piyush relationship was broken due to alcohol addiction: Actress revealed after the death of X Husband, Boli was not left due to fame"
पहलगाम हमले पर भड़के रजनीकांत:बोले- दुश्मन कश्मीर की शांति बिगाड़ना चाहते हैं; धर्मेंद्र बोले- मेरा दिल रो रहा है,Rajinikanth furious over the Pahalgam attack: said- Enemies want to spoil the peace of Kashmir; Dharmendra said- My heart is crying
बिना इंटिमेसी कोच सीरीज में दिया बोल्ड सीन:‘आश्रम’ के लिए 4 दिन में सीखी कुश्ती; कभी मेडिकल बिल भरने के नहीं थे पैसे,Bold scene given in without intimacy coach series: Wrestling learned in 4 days for 'Ashram'; Money was never to pay medical bills
"राजकुमार-राव बोले- अपनी शादी के तीन दिन रिपीट करना चाहूंगा:बचपन में राजमंदिर के किस्से सुनता था, वामिका ने बताया- उनका चोर बाजारी गाने से जुड़ाव","Rajkumar-Rao said- I would like to repeat for three days of his marriage: In childhood, he used to listen to stories of Rajmandir, Vamika told- his thief involved with Bajari songs"
कश्मीरी लड़कियों ने नहीं पहचाना ए.आर. रहमान को:जब रॉकस्टार की शूटिंग के दौरान कश्मीरी लड़कियों ने रहमान को इलेक्ट्रिशियन समझ लिया,Kashmiri girls did not recognize AR Rehman: When Kashmiri girls considered Rahman as electrician during Rockstar shooting
"रितेश देशमुख के फिल्म राजा शिवाजी के सेट पर हादसा:26 साल के डांसर की मिली डेडबॉडी, फिल्म की शूटिंग रुकी","Accident on the set of Ritesh Deshmukh's film Raja Shivaji: 26 -year -old dancer's deadbody, shooting of the film stopped"
"पैपराजी पर फिर भड़के कैनेडियन सिंगर जस्टिन बीबर:कहा- बिना इजाजत फोटो और आंखों में फ्लैश मारना बंद करो, शेयर किया नया वीडियो","Canadian singer Justin Bieber rang again on Paparai: Said- Stop flash without permission, shared new video"
"रोल के लिए बढ़ा लिया वजन और बाल:विक्रांत मैसी बनेंगे श्री श्री रविशंकर, कोलंबिया के 52 साल के गृहयुद्ध पर आधारित होगी फिल्म","Increased weight and hair for the role: Vikrant Massey will become Sri Sri Ravi Shankar, Colombia's 52 -year civil war will be based on the film"
"पाकिस्तान में रिलीज नहीं होगी फिल्म केसरी वीर:प्रोड्यूसर कनु चौहान का बड़ा फैसला, बोले- मेरी आत्मा को स्वीकार नहीं ये फिल्म पाकिस्तान में आए","Film Kesari Veer will not be released in Pakistan: Producer Kanu Chauhan's big decision, said- I do not accept my soul, these films come to Pakistan"
पहलगाम आतंकी हमले के बाद अरिजीत सिंह का बड़ा फैसला:चेन्नई में होने वाले कॉन्सर्ट को किया रद्द; कहा- टिकट के पूरे पैसे किए जाएंगे रिफंड,Arijit Singh's major decision after the Pahalgam terror attack: canceled the concert to be held in Chennai; Said- Refund will be made full money for tickets
"पाकिस्तान पर सीधा हमला करने की मांग:पहलगाम हमले पर भड़के मुकेश खन्ना, कहा- 'मोदी जी, एक बार में अटैक कर सब खत्म कीजिए'","Demand for direct attack on Pakistan: Mukesh Khanna furious over Pahalgam attack, said- 'Modi ji, finish everything by attacking at one time'"
"मूवी रिव्यू- ग्राउंड जीरो:सीमा सुरक्षा बल के जवानों की शौर्यगाथा से रूबरू कराती फिल्म, इमरान हाशमी ने शिद्दत से निभाया किरदार, स्क्रीनप्ले थोड़ा कमजोर","Movie Review- Ground Zero: Film for Border Security Force soldiers, Emraan Hashmi played the character with a lot, the screenplay a little weak"
"पहलगाम हमले पर पाक कलाकारों की झूठी संवेदनाएं?:8 साल बाद फवाद की वापसी पर लगा ब्रेक, हानिया का डेब्यू अटका; माहिरा बोलीं- हमला कायरतापूर्ण","False condolences of Pakistani artists on Pahalgam attack?: Brake on the return of Fawad after 8 years, Hania's debut stuck; Mahira said- attack cowardly"
"'नागजिला’ के पोस्टर में कार्तिक की पुरानी फोटो का इस्तेमाल?:सोशल मीडिया यूजर्स का दावा, बोले- करण जौहर और उनकी टीम ने मेहनत करना छोड़ दिया","Use of Karthik's old photo in 'Nagjila' poster?: Social media users claim, said- Karan Johar and his team stopped working hard"
"ओम पुरी संग रिश्ते पर बोलीं एक्स वाइफ सीमा कपूर:मुझे दूसरी महिला के लिए छोड़ा, फिर मांगी माफी और मैंने कर दिया था माफ","Ex -wife Seema Kapoor spoke on the relationship with Om Puri: I left for another woman, then apologized and I had forgiven"
"पाक कलाकारों पर रोक की मांग, एक्ट्रेसेस ने दी सफाई:कश्मीर हमले के बाद 'अबीर गुलाल' का बहिष्कार, दिया मिर्जा बोलीं - मेरा बयान पुराना है","Demand for a ban on Pak artists, actresses clarified: Boycott 'Abir Gulal' after Kashmir attack, Diya Mirza said - My statement is old"
"जैश-ए-मोहम्मद के खिलाफ BSF का सबसे बड़ा मिशन:गाजी बाबा एनकाउंटर की कहानी लेकर आए इमरान, बोले- हर भारतीय को जाननी चाहिए ये स्टोरी","BSF's biggest mission against Jaish-e-Mohammed: Imran, who brought the story of Ghazi Baba encounter, said-every Indian should know this story"
पाकिस्तानी एक्टर फवाद की फिल्म 'अबीर गुलाल' के गाने हटे:वाणी कपूर का सोशल मीडिया पर विरोध; टल सकती है फिल्म की रिलीज डेट,"Songs from Pakistani actor Fawad's film 'Abir Gulal', Vani Kapoor's protest on social media; The release date of the film can be postponed"
पाकिस्तानी एक्टर फवाद की फिल्म अबीर गुलाल रिलीज नहीं होगी:पहलगाम हमले के बाद एक्शन; फिल्म फेडरेशन FWICE का पाकिस्तानी कलाकारों पर बैन का ऐलान,Pakistani actor Fawad's film Abir Gulal will not be released: Action after Pahalgam attack; Film federation FWICE announces a ban on Pakistani artists
"प्रभास की एक्ट्रेस पर लगे पाकिस्तान से कनेक्शन के आरोप:इमानवी बोलीं- इन बातों में कोई सच्चाई नहीं, कुछ भी कहते हैं लोग","Allegations of connection with Pakistan on Prabhas's actress: Imanvi said- there is no truth in these things, people say anything"
"पहलगाम आतंकी हमला, मीडिया पर भड़के शत्रुघ्न सिन्हा:बोले- ये हिंदुओं- हिंदुओं क्यों कह रहे हो; सलीम मर्चेंट बोले- कब खत्म होगा ये सब?","Pahalgam terror attack, Shatrughan Sinha raging on the media: said- Why are these Hindus and Hindus saying; Salim Merchant said- when will all this end?"
"‘8 रुपये में कॉलेज जाती थीं, खाली पेट रहती थीं’:नुसरत भरूचा बोलीं- बचपन से फाइनेंशियल स्ट्रगल देखा, पैसे बचाने की आदतें बरकरार हैं","'Used to go to college for 8 rupees, lived on an empty stomach': Nusrat Bharucha said- Looked financial struggle since childhood, habits to save money are intact"
"पहलगाम हमले पर करण वीर मेहरा ने सुनाई कविता:गुस्से से आगबबूला हुए लोग, बोले- क्या यहां कोई ऑडिशन चल रहा है?","Karan Veer Mehra narrated the poem on the Pahalgam attack: Anger people with anger, said- is there any audition going on here?"
"जैकलीन की मां के निधन पर सुकेश का नया ड्रामा:बाली में बनाया 'किम्स गार्डन', लेटर में लिखा- मां फिर लौटेंगी हमारी बेटी बनकर","Sukesh's new drama on the death of Jacqueline's mother: 'Kims Garden' built in Bali, written in letter- Mother will return again by becoming our daughter"
"वरुण @38, 4 बार रिजेक्ट फिर भी नताशा से शादी:डायरेक्टर ने रोका तब भी करते रहे नरगिस को किस, पब में परोसी शराब","Varun @38, 4 times rejected yet Natasha marries: The director stopped even then Kiss Nargis, alcohol served in the pub"
"पहलगाम हमले पर बॉलीवुड सेलेब्स का गुस्सा फूटा:आदित्य धर ने कहा- उन्हें कश्मीर चाहिए, हमें उनका सिर; विवेक अग्निहोत्री ने कहा- कट्टरपंथ के खिलाफ है मेरा सिनेमा","Bollywood celebs erupted over the Pahalgam attack: Aditya Dhar said- He needs Kashmir, we have their head; Vivek Agnihotri said- My cinema is against fundamentalism"
"बेटी के मरने की दुआ मांगती थीं मौसमी चटर्जी:कहा- उसने गलती की और खामियाजा भुगता, नाराजगी में आखिरी बार देखने भी नहीं पहुंची थीं",Moushumi Chatterjee used to pray for the daughter's death: She said- She made a mistake and did not even reach to see the last time in displeasure
"पैपराजी पर फूटा सिद्धार्थ मल्होत्रा का गुस्सा:कहा- आप लोग ठीक से व्यवहार करें, पीछे हटें, यूजर बोले- बिल्कुल सही किया","Anger of Siddharth Malhotra erupted on Paparaji: said- You guys behave properly, retreat, the user said- done perfectly"
"पहलगाम आतंकी हमले पर फूटा सलमान खान का गुस्सा:बोले- कश्मीर बन रहा नर्क, शाहरुख बोले- एकजुट रहें; आमिर खान ने भी जताया दुख","Salman Khan's anger erupted on Pahalgam terror attack: Kashmir is becoming hell, Shahrukh said- stay united; Aamir Khan also expressed grief"
"पहलगाम आतंकियों को मिलनी चाहिए फांसी, सेलेब्स ने की मांग:समय रैना बोले- रातभर सो नहीं पाया, आसिम ने कहा- कश्मीर की खूबसूरती डर में बदली","Pahalgam terrorists should be hanged, celebs demanded: Raina said- could not sleep overnight, Asim said- Kashmir's beauty changed in fear"
"पहलगाम आतंकी हमले पर भड़के सेलेब्स:संजय दत्त बोले- चुप नहीं बैठेंगे, अमिताभ बच्चन की पोस्ट का मजाक बना; शाहरुख बोले- एकजुट और मजबूत रहें","Celebs raging on the Pahalgam terror attack: Sanjay Dutt said- will not sit silent, made fun of Amitabh Bachchan's post; Shahrukh said- Stay united and strong"
"जूनियर एनटीआर के बॉडी डबल ने ठुकराई 'वॉर 2':बॉलीवुड को तेलुगु सिनेमा से बदतर बताया, बोले- फिल्म की फीस से फ्लाइट टिकट भी नहीं खरीद सकते","Body double of Junior NTR rejected 'War 2': Described Bollywood as worse than Telugu cinema, he said- cannot even buy flight tickets from film fees"
"पहलगाम हमले के बाद फवाद खान पर फूटा गुस्सा:सोशल मीडिया यूजर्स ने उठाई 'अबीर गुलाल' के बॉयकॉट की मांग, बोले- फिल्म पर बैन लगाओ","After the Pahalgam attack, Fawad Khan's anger exploded: Social media users raised the demand for 'Abir Gulal' boycott, said- ban the film"
'सिंबा' ही नहीं 'सूर्यवंशी' की कहानी भी आगे बढ़ेगी’:रोहित शेट्टी बोले: 'सिंघम अगेन' में दिखे कलाकारों पर आएगा सीक्वल; दीपिका-टाइगर के किरदार भी शामिल,The story of 'Simba' not only 'Suryavanshi' will also move forward ': Rohit Shetty said: The sequel will come on the artists seen in' Singham Again '; The characters of Deepika-Tiger also included
"कानूनी विवादों में घिरी कंगना रनोट की 'इमरजेंसी':राइटर ने मेकर्स के खिलाफ किया मुकदमा, फिल्म में ऐतिहासिक तथ्यों को तोड़-मरोड़ कर दिखाने का आरोप","Kangana Ranot's 'Emergency', surrounded by legal controversies: Writer sued the makers, accused of distorting historical facts in the film"
"आलिया भट्ट पर बिगड़े सौतेले भाई राहुल के बोल:कहा- न शक्ल, न टैलेंट, मेरी सगी बहन पूजा भट्ट के सामने आधी भी नहीं है","The lyrics of the step-brother Rahul on Alia Bhatt: said- neither the appearance, nor talent, my real sister Pooja Bhatt is not even half in front of Pooja Bhatt."
"कश्मीर वेकेशन पर थे दीपिका कक्कड़-शोएब इब्राहिम:आतंकी हमला से चंद घंटे पहले रवाना हुए, व्लॉग अनाउंसमेंट से भड़के लोग, कहा- शर्म नहीं आती","Deepika Kakkar-Shoaib Ibrahim was on Kashmir vacation: People left a few hours before the terrorist attack, people furious with the Vlog announcement, said- Shame is not ashamed"
"उदित नारायण के किसिंग विवाद पर भड़के सिंगर अमित टंडन:कहा- मेरी गर्लफ्रेंड-पत्नी के साथ ऐसा होता तो पीटता, बेटे आदित्य नारायण को भी कहा- अनप्रोफेशनल बिगड़ैल","Singer Amit Tandon raging on Udit Narayan's kissing dispute: Said- if this was the case with my girlfriend-wife, he also said to son Aditya Narayan- unprofessional deterioration"
"आप जो पेज खोज रहे हैं, वह उपलब्ध नहीं है। कृपया नीचे दिए बटन पर क्लिक कर होम पेज पर जाएं या नीचे दी गई टॉप खबरें पढ़ें।",The page you are looking for is not available. Please click on the button below and go to the home page or read the top news given below.
"ग्राउंड रिपोर्ट'तुम आतंकवादी; 26 का बदला, 2600 से लेंगे':पहलगाम हमले के बाद कश्मीरियों-मुस्लिमों को धमकी, हिंदूवादी संगठन बोले- धर्म का काम कर रहे","Ground report 'You terrorist; Revenge of 26, will take from 2600 ': Threatened by Kashmiris and Muslims after Pahalgam attack, Hinduist organizations said- are working of religion"
"मृत्युदंडप्रेमी नहीं, पति के साथ बेटी ने रचा खूनी खेल:एक ही रात में 8 कत्ल, दोनों को सजा-ए-मौत; हिसार मर्डर केस, आज पार्ट-3","Not a death-prone, daughter created a bloody game with her husband: 8 murders in the same night, both of them punished; Hisar murder case, today Part-3"
"आज का एक्सप्लेनर:पाकिस्तानियों का वीजा आज खत्म, जिन्होंने भारत नहीं छोड़ा उनका क्या होगा; सीमा हैदर जैसों के साथ क्या करेगी सरकार","Today's Excellener: The visa of Pakistanis ends today, what will happen to those who did not leave India; What will the government do with Seema Hyder"
"पिता ने कहा- आदिल ने धर्म का फर्क नहीं समझा:बंदूक छीनने की कोशिश में कटी उंगलियां, सीने पर चार गोलियां खाकर भी बचाए पर्यटक",Father said- Adil did not understand the difference of religion: Tourists were saved by eating four bullets on the chest trying to snatch the gun
"स्वामी अवधेशानंद जी गिरि के जीवन सूत्र:हमें ऐसा मार्गदर्शक चाहिए, जो ये बता सके कि हमारे लिए सही दिशा कौन सी है",Swami Awadheshanand ji Giri's life formula: We need such a guide that can tell which is the right direction for us
"ग्राउंड रिपोर्टसाइंस ग्रेजुएट, उर्दू में M.A, टीचर से आतंकी बना आदिल:पहलगाम में 26 टूरिस्ट के कत्ल में शामिल, मां बोली- उसे फांसी दे दो","Ground Report Conscience Graduate, M.A in Urdu, Adil became a terrorist from teacher: 26 tourist murders in Pahalgam, mother bid- hang him"
"चारधाम यात्रा 30 अप्रैल से, कैसे जाएं, कहां रुकें:रूट मैप से लेकर चारों धाम के दर्शन सबसे पहले दैनिक भास्कर एप पर","Chardham Yatra from April 30, how to go, where to stop: Route map to four dham darshan first on Dainik Bhaskar app"
"स्वामी अवधेशानंद जी गिरि के जीवन सूत्र:अध्यात्म से मिलती है ऊर्जा और शक्ति, जानिए अच्छे गुरु की पहचान के सूत्र","Swami Awadheshanand ji Giri's life formula: Energy and power comes from spirituality, know the formula of identity of good guru"
"जरूरत की खबर- AC-फ्रिज खरीदने से पहले देखें स्टार रेटिंग:3, 4, 5 स्टार रेटिंग का क्या मतलब है, क्या इससे सचमुच होती बिजली की बचत","News of the need- See before buying AC- Star rating: 3, 4, 5 star ratings, what does it really have electricity saving"
"सेहतनामा– 30 मिनट तेज चलें, बढ़ेगा मेटाबॉलिज्म:थकान, बढ़ता वजन, स्किन का ड्राईनेस, हो सकता है थायरॉइड का संकेत, चेक कराएं","Sehthanama - Walk 30 minutes fast, will increase metabolism: fatigue, increased weight, skin dryness, may be thyroid signal"
"आपका पैसा- NPS में करें निवेश:13.7 लाख तक की आय हो सकती है टैक्स फ्री, सरकारी-प्राइवेट इम्प्लॉइज के लिए कौन सी टैक्स रिजीम बेहतर","Your money- Invest in NPS: Tax free of income up to 13.7 lakhs, which tax regime for government-private employees better"
"फैटी लिवर का कारण बन सकती है ये आदत:जब परेशानी में ज्यादा खाना लगे अच्छा, तो समझें आप इमोशनल ईटिंग के शिकार हैं","Fatty liver can cause this habit: When there is more food in trouble, then understand that you are a victim of emotional eating"
"जरूरत की खबर- मलेरिया पैरासाइट लिवर में क्यों छिपते हैं:कंपकंपी और बुखार हो तो तुरंत कराएं जांच, जानें बचाव के 7 आसान उपाय","News of the need- Why do malaria parasite hide in liver: If there is shivering and fever, then check immediately, know 7 easy measures to rescue"
"साइबर लिटरेसी- चारधाम यात्रा के नाम पर साइबर फ्रॉड:हजारों की चपत, रहें सतर्क, जानें रजिस्ट्रेशन और बुकिंग का सही तरीका","Cyber ​​Literacy- Cyber ​​fraud in the name of Chardham Yatra: Thousands, be cautious, know the correct way of registration and booking"
"जरूरत की खबर- कर्नाटक में आइसक्रीम में डिटर्जेंट की मिलावट:इन्फेक्शन, किडनी डैमेज का खतरा, कैसे पहचानें मिलावटी आइसक्रीम","News of the need- Detergent adulteration in ice cream in Karnataka: Infection, risk of kidney damage, how to identify adulterated ice cream"
"जानें अपने अधिकार- ITR न भरने पर क्या होगा:जानें कौन से नोटिस का क्या अर्थ, जानें कैसे जुर्माने से बचें","Learn what will happen if you do not fill your rights: Know which notice means, know how to avoid penalty"
"जरूरत की खबर- बच्चे को है अंगूठा चूसने की आदत:ये आदत कब हो सकती है नुकसानदायक, कैसे छुड़ाएं और पेरेंट्स क्या करें","The news of the need- the child is habit of sucking the thumb: When can this habit be harmful, how to get rid of and what to do parents"
"बुक रिव्यू- सकारात्मक सोच की शक्ति:हर अच्छे–बुरे की शुरुआत दिमाग से होती, अपनी सोच बदलो, जिंदगी खुद-ब-खुद बदल जाएगी","Book Review-Power of positive thinking: Every good and bad start with your mind, change your thinking, life will automatically change"
"पेरेंटिंग- “मेरा 13 साल का बेटा पोर्न देख रहा था”:टीन एज बच्चे से इस बारे में कैसे करें बात, चाइल्ड साइकोलॉजिस्ट के 10 सुझाव","Parenting- ""My 13-year-old son was watching porn"": How to talk to a teen age child about this, 10 suggestions of child psychologist"
"रिलेशनशिप एडवाइज– बॉस ने लास्ट मोमेंट पर छुट्‌टी कैंसिल की:अगर आपका वर्कप्लेस टॉक्सिक है तो क्या करें, साइकोलॉजिस्ट से पूछें","Relationship Advises - Boss canceled a holiday on the last moment: If your workplace is toxic then what to do, ask the psychologist"
"जरूरत की खबर- बाजार में बिक रहा नकली ORS:सेहत के लिए बेहद खतरनाक, WHO फॉर्मूला वाला ही है असली ORS, ऐसे करें पहचान","News of the need- Fake ORS sold in the market: very dangerous for health, who is the only one with the formula, identify this way"
"जीवन को आसान बनाएं- सिल्वर ज्वेलरी पड़ गई है काली:10 मिनट में कैसे चमकाएं, ज्वेलरी एक्सपर्ट से जानें चांदी चमकाने के 5 टिप्स","Make life easier- Silver jewelery has turned black: How to brighten up in 10 minutes, learn 5 tips to shine silver from jewelery experts"
"गुड हैबिट्स- बिस्तर लगाने से बदल सकती है पूरी लाइफस्टाइल:डॉक्टर भी देते सलाह, मिडिल ईस्ट से जापान तक दुनियाभर में कैसे लगाए जाते हैं बिस्तर","Good Habits- Bed can change the whole lifestyle: Doctors also give advice, how beds are installed worldwide from middle East to Japan"
"फिजिकल हेल्थ- गर्मी में बदलता है दिमाग का केमिकल बैलेंस:समर SAD से बढ़ता है गुस्सा और डिप्रेशन, जानें कैसे रहें शांत और कूल","Physical health- Chemical balance of brain changes in summer: Anger and depression increases with summer SAD, know how to remain calm and cool"
"जरूरत की खबर- पेट्रोल-डीजल खरीदते समय रहें सतर्क:मिलावट से इंजन को होता नुकसान, जानें मिलावटी फ्यूल की पहचान करने का आसान तरीका",News of the need- Be cautious while buying petrol and diesel: Easy way to identify adulterated fuel due to adulteration
"सफल लोग भावनाओं से नहीं, तर्क से चलते हैं:लॉजिकल थिंकिंग से कैसे बढ़ाएं अपनी प्रोफेशनल सफलता, जानें 4 प्रभावशाली तरीके","Successful people run by logic, not by emotions: how to increase your professional success with logical thinking, know 4 effective ways"
"जरूरत की खबर- नारियल पानी पीने के 10 फायदे:गर्मी के लिए है अमृत, न्यूट्रिशनिस्ट से जानें कितना पीना सुरक्षित और किन्हें नहीं पीना चाहिए","News of the need- 10 benefits of drinking coconut water: Amrit is for summer, know how much drinking from nutritionist and who should not drink"
"फिजिकल हेल्थ- रात में नींद नहीं आने से परेशान हैं?:नींद न आने के 10 कारण, डॉक्टर से जानें 15 मिनट में सोने के आसान उपाय",Physical Health- Are you upset due to lack of sleep at night?
"जरूरत की खबर- क्या आप भी खाते हैं बर्फ:ये आदत शरीर में आयरन की कमी का संकेत, डॉक्टर से जानें बचाव के उपाय","News of the need- Do you also eat ice: This habit indicates iron deficiency in the body, know the way to prevent prevention"
"सेहतनामा- बहुत गर्मी में पसीना न आना हीटस्ट्रोक के लक्षण:जानें कब हो सकता है जानलेवा, हीट एग्जॉशन और हीटस्ट्रोक से बचाव के 9 तरीके","Sehthanama- Symptoms of Heatstroke Symptoms in very heat: Learn when can be fatal, heat exction and hetstroke 9 ways"
"रिलेशनशिप- क्या गॉसिप हेल्दी भी हो सकती है:क्या हैं हेल्दी गॉसिप के संकेत, ये कब हो जाती है नुकसानदेह, एक्सपर्ट की 10 सलाह","Relationship- Can Gossip also be healthy: What are the signs of healthy gossip, when it becomes harmful, 10 advice of experts"
"सेहतनामा- फैटी लिवर से जूझ रहे हैं 38% लोग:500 कामों की जिम्मेदारी संभालता है लिवर, इन 9 बुरी आदतों से होता है डैमेज","Sehtanama- 38% people are struggling with fatty liver: Liver takes responsibility for 500 works, these 9 bad habits cause damage"
"जरूरत की खबर- भीषण गर्मी में घर को रखें ठंडा:अपनाएं ये 13 आसान तरीके, बिना AC-कूलर के घर रहेगा नेचुरल कूल",News of the need- Keep the house cool in the scorch
"रिलेशनशिप- जवानी के प्यार की 6 बड़ी गलतियां:जानें प्यार के बारे में 10 अहम बातें, जो 30 की उम्र में जाकर सीखते हैं लोग","Relationship- 6 big mistakes of youth of youth: Learn 10 important things about love, which people go to the age of 30 and learn"
"जरूरत की खबर- क्या आपका वाटर टैंक भी है गंदा:ग्रेटर नाेएडा में दूषित पानी से 200 लोग बीमार, जानें टैंक सफाई के आसान तरीके","News of the need- Is your water tank also dirty: 200 people sick due to contaminated water in Greater Naida, know easy ways of cleaning tanks"
"सेहतनामा- गर्मी में बीपी, शुगर, अस्थमा के पेशेंट्स क्या करें:क्या समस्याएं बढ़ सकती हैं, डॉक्टर से जानें बचाव के तरीके, सावधानियां","Sehtanama- What to do BP, Sugar, Asthma Patients in Summer: What problems can increase, know the ways of prevention, precautions"
"रिलेशनशिप- टॉक्सिक रिश्ते में थीं बिल गेट्स की पूर्व पत्नी:सिर्फ मेलिंडा गेट्स के लुक्स पर फोकस करता था ब्वायफ्रेंड, कॉन्फिडेंस को पहुंचा नुकसान, जानें एक्सपर्ट की सलाह","Relationship- Bill Gates's ex-wife in toxic relationship: Boyfriend used to focus only on the looks of Melinda Gates, loss to confidence, know the advice of experts"
"जरूरत की खबर- दिल्ली-लखनऊ में एसी ब्लास्ट, एक की मौत:इन 7 गलतियों से एसी में हो सकता है ब्लास्ट, बरतें 10 जरूरी सावधानियां","News of the need- AC blast in Delhi-Lucknow, one dies: these 7 mistakes can cause blast in AC, 10 important precautions"
"सेहतनामा- बार-बार नाक से खून बहता तो हो सकता हीमोफीलिया:इंटरनल ब्लीडिंग से लेकर ब्रेन हेमरेज तक का खतरा, जानें लक्षण और जरूरी इलाज",Sehthanama- Hemophilia can be bleeding from the nose repeated
"रिलेशनशिप- बच्चे के सफल भविष्य की नींव हैं सोशल स्किल्स:इससे बच्चे बनते हैं जिम्मेदार नागरिक, पेरेंट्स इन 8 बातों का रखें ध्यान","Relationship- Social skills are the foundation of the successful future of the child: This makes children responsible, parents should keep these 8 things in mind"
राज्य-शहर चुने और उस जगह का लोकल न्यूज़ पाएं,Choose the kingdom and get local news of that place
